{"cameraMode":{"drawMode":0,"name":"Shaded","section":"Shading Mode"},"sceneLighting":false,"audioPlay":false,"sceneViewState":{"m_AlwaysRefresh":false,"showFog":true,"showSkybox":false,"showFlares":true,"showImageEffects":true,"showParticleSystems":true,"showVisualEffectGraphs":true,"m_FxEnabled":true},"in2DMode":false,"pivot":{"x":8.225119590759278,"y":22.658777236938478,"z":6.777827262878418},"rotation":{"x":-0.010768294334411621,"y":0.03214690834283829,"z":-0.001413220539689064,"w":-0.9999363422393799},"size":0.9037706851959229,"orthographic":false}