{"cameraMode":{"drawMode":0,"name":"Shaded","section":"Shading Mode"},"sceneLighting":false,"audioPlay":false,"sceneViewState":{"m_AlwaysRefresh":false,"showFog":true,"showSkybox":false,"showFlares":true,"showImageEffects":true,"showParticleSystems":true,"showVisualEffectGraphs":true,"m_FxEnabled":true},"in2DMode":false,"pivot":{"x":-1.4821723699569703,"y":0.12130451202392578,"z":-6.197748184204102},"rotation":{"x":0.29482221603393557,"y":0.12000206112861633,"z":-0.040374983102083209,"w":0.9482320547103882},"size":2.061729669570923,"orthographic":false}