{"cameraMode":{"drawMode":0,"name":"Shaded","section":"Shading Mode"},"sceneLighting":true,"audioPlay":false,"sceneViewState":{"m_AlwaysRefresh":false,"showFog":true,"showSkybox":true,"showFlares":true,"showImageEffects":true,"showParticleSystems":true,"showVisualEffectGraphs":true,"m_FxEnabled":true},"in2DMode":false,"pivot":{"x":-7.079999923706055,"y":-1.4500000476837159,"z":76.30000305175781},"rotation":{"x":0.004562524147331715,"y":-0.9998131394386292,"z":-0.024996142834424974,"w":-0.055695127695798877},"size":0.8986093997955322,"orthographic":false}