{"cameraMode":{"drawMode":0,"name":"Shaded","section":"Shading Mode"},"sceneLighting":false,"audioPlay":false,"sceneViewState":{"m_AlwaysRefresh":false,"showFog":true,"showSkybox":false,"showFlares":true,"showImageEffects":true,"showParticleSystems":true,"showVisualEffectGraphs":true,"m_FxEnabled":true},"in2DMode":false,"pivot":{"x":-4.4385786056518559,"y":0.4366549253463745,"z":-2.2648708820343019},"rotation":{"x":0.29482221603393557,"y":0.12000206112861633,"z":-0.040374983102083209,"w":0.9482320547103882},"size":2.481050491333008,"orthographic":false}