{"cameraMode":{"drawMode":0,"name":"Shaded","section":"Shading Mode"},"sceneLighting":false,"audioPlay":false,"sceneViewState":{"m_AlwaysRefresh":false,"showFog":true,"showSkybox":false,"showFlares":true,"showImageEffects":true,"showParticleSystems":true,"showVisualEffectGraphs":true,"m_FxEnabled":true},"in2DMode":false,"pivot":{"x":7.388975620269775,"y":22.432905197143556,"z":5.200499057769775},"rotation":{"x":-0.04555109888315201,"y":0.5848429203033447,"z":0.03632361814379692,"w":0.8098055720329285},"size":0.38948294520378115,"orthographic":false}